Kin,Kin名称
1,赤い竜
2,白い嵐
3,青い夜
4,黄色い種
5,赤い蛇
6,白い世界の橋渡し
7,青い手
8,黄色い星
9,赤い月
10,白い犬
11,青い猿
12,黄色い人
13,赤い空歩く人
14,白い魔法使い
15,青い鷹
16,黄色い戦士
17,赤い地球
18,白い鏡
19,青い嵐
20,黄色い太陽
21,赤い竜
22,白い風
23,青い夜
24,黄色い種
25,赤い蛇
26,白い世界の橋渡し
27,青い手
28,黄色い星
29,赤い月
30,白い犬
31,青い猿
32,黄色い人
33,赤い空歩く人
34,白い魔法使い
35,青い鷹
36,黄色い戦士
37,赤い地球
38,白い鏡
39,青い嵐
40,黄色い太陽
41,赤い竜
42,白い風
43,青い夜
44,黄色い種
45,赤い蛇
46,白い世界の橋渡し
47,青い手
48,黄色い星
49,赤い月
50,白い犬
51,青い猿
52,黄色い人
53,赤い空歩く人
54,白い魔法使い
55,青い鷲
56,黄色い戦士
57,赤い地球
58,白い鏡
59,青い嵐
60,黄色い太陽
61,赤い竜
62,白い風
63,青い夜
64,黄色い種
65,赤い蛇
66,白い世界の橋渡し
67,青い手
68,黄色い星
69,高い月
70,白い犬
71,青い猿
72,黄色い人
73,赤い空歩く人
74,白い魔法使い
75,青い鷲
76,黄色い戦士
77,赤い地球
78,白い鏡
79,青い嵐
80,黄色い太陽
81,赤い竜
82,白い風
83,青い夜
84,黄色い種
85,赤い蛇
86,白い世界の橋渡し
87,青い手
88,黄色い星
89,赤い月
90,白い犬
91,青い猿
92,黄色い人
93,赤い空歩く人
94,白い魔法使い
95,青い鷲
96,黄色い戦士
97,赤い地球
98,白い鏡
99,青い嵐
100,黄色い太陽
101,赤い竜
102,白い風
103,青い夜
104,黄色い種
105,赤い蛇
106,白い世界の橋渡し
107,青い手
108,黄色い星
109,赤い月
110,白い犬
111,青い猿
112,黄色い人
113,赤い空歩く人
114,白い魔法使い
115,青い鷲
116,黄色い戦士
117,赤い地球
118,白い鏡
119,青い嵐
120,黄色い太陽
121,赤い竜
122,白い風
123,青い夜
124,黄色い種
125,赤い蛇
126,白い世界の橋渡し
127,青い手
128,黄色い星
129,赤い月
130,白い犬
131,青い猿
132,黄色い人
133,赤い空歩く人
134,白い魔法使い
135,青い鷲
136,黄色い戦士
137,赤い地球
138,白い鏡
139,青い嵐
140,黄色い太陽
141,赤い竜
142,白い風
143,青い夜
144,黄色い種
145,赤い蛇
146,白い世界の橋渡し
147,青い手
148,黄色い星
149,赤い月
150,白い犬
151,青い猿
152,黄色い人
153,赤い空歩く人
154,白い魔法使い
155,青い鷲
156,黄色い戦士
157,赤い地球
158,白い鏡
159,青い嵐
160,黄色い太陽
161,赤い竜
162,白い風
163,青い夜
164,黄色い種
165,赤い蛇
166,白い世界の橋渡し
167,青い手
168,黄色い星
169,赤い月
170,白い犬
171,青い猿
172,黄色い人
173,赤い空歩く人
174,白い魔法使い
175,青い鷲
176,黄色い戦士
177,赤い地球
178,白い鏡
179,青い嵐
180,黄色い太陽
181,赤い竜
182,白い風
183,青い夜
184,黄色い種
185,赤い蛇
186,白い世界の橋渡し
187,青い手
188,黄色い星
189,赤い月
190,白い犬
191,青い猿
192,黄色い人
193,赤い空歩く人
194,白い魔法使い
195,青い鷲
196,黄色い戦士
197,赤い地球
198,白い鏡
199,青い嵐
200,黄色い太陽
201,赤い竜
202,白い風
203,青い夜
204,黄色い種
205,赤い蛇
206,白い世界の橋渡し
207,青い手
208,黄色い星
209,赤い月
210,白い犬
211,青い猿
212,黄色い人
213,赤い空歩く人
214,白い魔法使い
215,青い鷲
216,黄色い戦士
217,赤い地球
218,白い鏡
219,青い嵐
220,黄色い太陽
221,赤い竜
222,白い風
223,青い夜
224,黄色い種
225,赤い蛇
226,白い世界の橋渡し
227,青い手
228,黄色い星
229,赤い月
230,白い犬
231,青い猿
232,黄色い人
233,赤い空歩く人
234,白い魔法使い
235,青い鷲
236,黄色い戦士
237,赤い地球
238,白い鏡
239,青い嵐
240,黄色い太陽
241,赤い竜
242,白い風
243,青い夜
244,黄色い種
245,赤い蛇
246,白い世界の橋渡し
247,青い手
248,黄色い星
249,赤い月
250,白い犬
251,青い猿
252,黄色い人
253,赤い空歩く人
254,白い魔法使い
255,赤い鷲
256,黄色い戦士
257,赤い地球
258,白い鏡
259,青い嵐
260,黄色い太陽
