kin,WS名称
1,赤い竜
2,赤い竜
3,赤い竜
4,赤い竜
5,赤い竜
6,赤い竜
7,赤い竜
8,赤い竜
9,赤い竜
10,赤い竜
11,赤い竜
12,赤い竜
13,赤い竜
14,白い魔法使い
15,白い魔法使い
16,白い魔法使い
17,白い魔法使い
18,白い魔法使い
19,白い魔法使い
20,白い魔法使い
21,白い魔法使い
22,白い魔法使い
23,白い魔法使い
24,白い魔法使い
25,白い魔法使い
26,白い魔法使い
27,青い手
28,青い手
29,青い手
30,青い手
31,青い手
32,青い手
33,青い手
34,青い手
35,青い手
36,青い手
37,青い手
38,青い手
39,青い手
40,黄色い太陽
41,黄色い太陽
42,黄色い太陽
43,黄色い太陽
44,黄色い太陽
45,黄色い太陽
46,黄色い太陽
47,黄色い太陽
48,黄色い太陽
49,黄色い太陽
50,黄色い太陽
51,黄色い太陽
52,黄色い太陽
53,赤い空歩く人
54,赤い空歩く人
55,赤い空歩く人
56,赤い空歩く人
57,赤い空歩く人
58,赤い空歩く人
59,赤い空歩く人
60,赤い空歩く人
61,赤い空歩く人
62,赤い空歩く人
63,赤い空歩く人
64,赤い空歩く人
65,赤い空歩く人
66,白い世界の橋渡し
67,白い世界の橋渡し
68,白い世界の橋渡し
69,白い世界の橋渡し
70,白い世界の橋渡し
71,白い世界の橋渡し
72,白い世界の橋渡し
73,白い世界の橋渡し
74,白い世界の橋渡し
75,白い世界の橋渡し
76,白い世界の橋渡し
77,白い世界の橋渡し
78,白い世界の橋渡し
79,青い嵐
80,青い嵐
81,青い嵐
82,青い嵐
83,青い嵐
84,青い嵐
85,青い嵐
86,青い嵐
87,青い嵐
88,青い嵐
89,青い嵐
90,青い嵐
91,青い嵐
92,黄色い人
93,黄色い人
94,黄色い人
95,黄色い人
96,黄色い人
97,黄色い人
98,黄色い人
99,黄色い人
100,黄色い人
101,黄色い人
102,黄色い人
103,黄色い人
104,黄色い人
105,赤い蛇
106,赤い蛇
107,赤い蛇
108,赤い蛇
109,赤い蛇
110,赤い蛇
111,赤い蛇
112,赤い蛇
113,赤い蛇
114,赤い蛇
115,赤い蛇
116,赤い蛇
117,赤い蛇
118,白い鏡
119,白い鏡
120,白い鏡
121,白い鏡
122,白い鏡
123,白い鏡
124,白い鏡
125,白い鏡
126,白い鏡
127,白い鏡
128,白い鏡
129,白い鏡
130,白い鏡
131,青い猿
132,青い猿
133,青い猿
134,青い猿
135,青い猿
136,青い猿
137,青い猿
138,青い猿
139,青い猿
140,青い猿
141,青い猿
142,青い猿
143,青い猿
144,黄色い種
145,黄色い種
146,黄色い種
147,黄色い種
148,黄色い種
149,黄色い種
150,黄色い種
151,黄色い種
152,黄色い種
153,黄色い種
154,黄色い種
155,黄色い種
156,黄色い種
157,赤い地球
158,赤い地球
159,赤い地球
160,赤い地球
161,赤い地球
162,赤い地球
163,赤い地球
164,赤い地球
165,赤い地球
166,赤い地球
167,赤い地球
168,赤い地球
169,赤い地球
170,白い犬
171,白い犬
172,白い犬
173,白い犬
174,白い犬
175,白い犬
176,白い犬
177,白い犬
178,白い犬
179,白い犬
180,白い犬
181,白い犬
182,白い犬
183,青い夜
184,青い夜
185,青い夜
186,青い夜
187,青い夜
188,青い夜
189,青い夜
190,青い夜
191,青い夜
192,青い夜
193,青い夜
194,青い夜
195,青い夜
196,黄色い戦士
197,黄色い戦士
198,黄色い戦士
199,黄色い戦士
200,黄色い戦士
201,黄色い戦士
202,黄色い戦士
203,黄色い戦士
204,黄色い戦士
205,黄色い戦士
206,黄色い戦士
207,黄色い戦士
208,黄色い戦士
209,赤い月
210,赤い月
211,赤い月
212,赤い月
213,赤い月
214,赤い月
215,赤い月
216,赤い月
217,赤い月
218,赤い月
219,赤い月
220,赤い月
221,赤い月
222,白い風
223,白い風
224,白い風
225,白い風
226,白い風
227,白い風
228,白い風
229,白い風
230,白い風
231,白い風
232,白い風
233,白い風
234,白い風
235,青い鷲
236,青い鷲
237,青い鷲
238,青い鷲
239,青い鷲
240,青い鷲
241,青い鷲
242,青い鷲
243,青い鷲
244,青い鷲
245,青い鷲
246,青い鷲
247,青い鷲
248,黄色い星
249,黄色い星
250,黄色い星
251,黄色い星
252,黄色い星
253,黄色い星
254,黄色い星
255,黄色い星
256,黄色い星
257,黄色い星
258,黄色い星
259,黄色い星
260,黄色い星
